Date,Precipitation_Rate,Soil_Moisture,Soil_Temperature,Surface_Temperature
2018-01-01,0.00382788316,0.12714678,281.555847,278.919952
2018-01-02,0.0123925498,0.126645312,282.022217,279.939087
2018-01-03,0.21784468,0.126408443,282.354431,280.502991
2018-01-04,0.244789138,0.127419323,281.851471,279.509644
2018-01-05,0.0226093642,0.127400041,281.537781,278.721741
2018-01-06,0.0138655268,0.126914576,281.570068,278.690369
2018-01-07,0.0518756285,0.12676084,281.720886,279.183563
2018-01-08,0.0339669064,0.127494663,281.490906,278.96283
2018-01-09,0.0492380336,0.127733216,281.430115,279.111267
2018-01-10,0.0323276445,0.127599955,281.924011,279.525055
2018-01-11,0.0385709703,0.127146944,281.862549,279.264008
2018-01-12,0.0145712094,0.126695827,281.94519,279.562531
2018-01-13,0.0157558657,0.126251996,282.300934,280.339478
2018-01-14,0.014156566,0.125773832,282.132935,279.763794
2018-01-15,0.00750558497,0.125369921,282.24588,280.176117
2018-01-16,0.040518716,0.12501663,281.612915,279.781342
2018-01-17,0.0671090707,0.125012949,281.395874,279.223846
2018-01-18,0.0226111934,0.124763802,281.968445,280.000153
2018-01-19,0.0124334535,0.124442734,282.585571,280.479218
2018-01-20,0.0511811562,0.124069959,282.68985,280.631927
2018-01-21,0.243269145,0.123917244,282.659912,280.837341
2018-01-22,0.145371884,0.125289619,282.119629,279.889099
2018-01-23,0.370658994,0.126591548,282.041626,279.818207
2018-01-24,0.0203814209,0.126554444,282.296143,280.352509
2018-01-25,0.0337916538,0.126035064,282.313141,280.450348
2018-01-26,0.0292136464,0.12552391,282.372589,280.512817
2018-01-27,0.0567351319,0.125151366,282.239471,280.665466
2018-01-28,0.277380884,0.1252729,281.931519,280.516693
2018-01-29,0.50262326,0.128022924,281.853119,279.797943
2018-01-30,0.247509465,0.129098013,282.532959,279.954956
2018-01-31,0.400558025,0.129604235,282.674774,280.566101
2018-02-01,0.0595356189,0.130129859,282.624512,279.342346
2018-02-02,0.0488737002,0.130496398,282.108124,278.841461
2018-02-03,0.0542505868,0.130536005,281.586731,277.769684
2018-02-04,0.0257155932,0.13022837,281.456512,277.955994
2018-02-05,0.0274910163,0.129877448,281.986786,279.386108
2018-02-06,0.0210835636,0.129526675,282.521484,280.064362
2018-02-07,0.0183579028,0.129179239,282.519714,280.108795
2018-02-08,0.0389854014,0.128855407,282.219604,279.682678
2018-02-09,0.113780983,0.13018994,282.06134,280.028534
2018-02-10,0.307841688,0.131752253,282.913116,281.565491
2018-02-11,1.41993368,0.138953581,283.147339,281.634766
2018-02-12,1.48060632,0.150979549,283.428497,281.824219
2018-02-13,0.684734583,0.15147692,284.757141,283.853119
2018-02-14,1.53754938,0.154344872,285.580872,285.012451
2018-02-15,0.420260191,0.155336425,285.766235,284.591003
2018-02-16,0.0518135913,0.152887031,286.233826,284.480865
2018-02-17,0.0509578921,0.150724337,286.499542,284.465393
2018-02-18,0.109173223,0.149061546,287.491577,286.317108
2018-02-19,0.55606252,0.148025468,288.590302,288.090912
2018-02-20,1.40682006,0.151112542,288.055573,287.472778
2018-02-21,0.100309893,0.150665224,288.311432,287.210266
2018-02-22,0.128022835,0.148191497,288.859833,287.968323
2018-02-23,2.38438034,0.154921785,287.947205,287.147064
2018-02-24,0.963554442,0.162353635,288.240112,287.601257
2018-02-25,3.41103148,0.167066947,288.6828,288.340698
2018-02-26,3.39957619,0.178514928,288.87204,288.65033
2018-02-27,0.267738491,0.173635557,289.733093,289.277802
2018-02-28,1.80709887,0.1753546,290.079071,289.812561
2018-03-01,6.2978754,0.186380386,289.280457,288.885345
2018-03-02,1.96389532,0.186815217,289.394684,288.921173
2018-03-03,1.04983795,0.18452169,288.949738,287.470001
2018-03-04,0.403783292,0.182164922,289.223999,287.83905
2018-03-05,0.11982239,0.177560806,289.904388,288.566406
2018-03-06,0.37902987,0.173523977,290.139069,288.886993
2018-03-07,0.366639435,0.170750007,290.366699,289.467834
2018-03-08,1.81398404,0.169571385,290.913483,290.537476
2018-03-09,0.450707078,0.168276489,291.384033,291.004669
2018-03-10,0.902782261,0.165812567,291.758942,291.183899
2018-03-11,1.99898648,0.165542737,291.963104,291.74823
2018-03-12,2.94897223,0.166211709,292.063202,292.105469
2018-03-13,3.49444652,0.170140669,291.139343,290.798676
2018-03-14,0.947073102,0.168826699,290.609253,289.649231
2018-03-15,0.219667926,0.165456429,290.755829,289.593445
2018-03-16,0.0265015773,0.161692709,291.336334,289.928772
2018-03-17,0.17392686,0.158226967,292.049438,291.183197
2018-03-18,2.61465311,0.159777746,291.707214,291.212555
2018-03-19,3.15576816,0.165280625,291.33017,290.619965
2018-03-20,1.88759542,0.168354228,291.282135,290.463135
2018-03-21,0.37991631,0.166440651,291.841339,291.198486
2018-03-22,0.183683455,0.163024291,292.334503,291.841797
2018-03-23,0.468795031,0.160217538,293.161163,292.881042
2018-03-24,0.341263294,0.156610936,294.058105,293.575409
2018-03-25,0.0274170674,0.152972192,294.889954,294.716797
2018-03-26,0.297380358,0.150070712,295.224335,295.385162
2018-03-27,0.394939393,0.148842677,295.246002,295.340637
2018-03-28,0.0665073246,0.146215752,295.894379,295.735382
2018-03-29,0.08126311,0.143357977,296.310059,296.224731
2018-03-30,0.0392215289,0.140510127,297.198029,297.278381
2018-03-31,0.0523709357,0.13790752,297.603058,297.856323
2018-04-01,0.168690354,0.136437476,296.272644,296.228027
2018-04-02,1.01657331,0.135615498,296.279694,296.550995
2018-04-03,0.649503171,0.135181442,297.328613,297.61795
2018-04-04,1.04651034,0.134464726,297.864624,297.930115
2018-04-05,0.459000081,0.133527026,297.636993,297.609131
2018-04-06,0.41558364,0.134034395,297.655853,297.774811
2018-04-07,1.37149858,0.135341495,297.802765,298.184814
2018-04-08,4.23696852,0.142020136,297.385406,297.842041
2018-04-09,1.81394124,0.147496536,296.676636,296.762054
2018-04-10,1.55105126,0.152107149,296.171906,295.968933
2018-04-11,0.279433131,0.152430788,295.742889,294.909332
2018-04-12,0.183541968,0.148815572,296.590698,296.060089
2018-04-13,1.23400426,0.149447232,296.684631,296.18689
2018-04-14,1.73539031,0.151856899,297.818512,298.013184
2018-04-15,4.73482895,0.16043511,296.658478,296.52182
2018-04-16,2.86172867,0.167088047,296.36087,296.248993
2018-04-17,2.70173383,0.169427872,295.511566,295.190582
2018-04-18,1.51402855,0.170823172,295.281799,294.923889
2018-04-19,1.52882195,0.168962479,294.454651,293.805847
2018-04-20,1.89771438,0.170329735,293.265808,291.802307
2018-04-21,0.0337445326,0.164551958,294.935425,294.242126
2018-04-22,0.116664819,0.159325927,296.59729,296.268768
2018-04-23,0.133001447,0.154805064,298.240906,298.460663
2018-04-24,0.87819165,0.152120784,298.837616,299.155701
2018-04-25,0.196310923,0.149555936,298.918915,299.276794
2018-04-26,0.0871909186,0.145584285,299.732269,299.962921
2018-04-27,0.0753633529,0.14194186,300.436127,300.749207
2018-04-28,0.123462521,0.138786539,301.498779,301.877686
2018-04-29,0.219560966,0.136166349,302.249664,302.685333
2018-04-30,0.954183996,0.134932876,301.984741,302.347107
2018-05-01,1.5888716,0.13565205,301.440979,301.659302
2018-05-02,1.42826521,0.136832029,300.399567,300.398163
2018-05-03,0.369790018,0.136591747,300.191284,299.973846
2018-05-04,0.632012427,0.134460643,300.974335,300.887329
2018-05-05,1.64754117,0.134857118,301.355194,301.565216
2018-05-06,2.83328152,0.138614923,300.575806,300.514038
2018-05-07,1.70657551,0.140926093,300.107666,299.772095
2018-05-08,0.401632547,0.140092626,300.458466,300.078033
2018-05-09,0.0739298686,0.136711821,301.95816,302.215485
2018-05-10,0.604741275,0.133665711,303.339539,303.963318
2018-05-11,4.07840776,0.136987701,303.199799,303.597015
2018-05-12,5.01591825,0.145048857,302.229462,302.286621
2018-05-13,4.04728889,0.146058515,301.875366,301.923309
2018-05-14,3.72330117,0.148908794,302.079041,302.267303
2018-05-15,3.1206975,0.153575599,301.266968,301.109894
2018-05-16,1.62507117,0.150983542,301.380524,301.279877
2018-05-17,2.08249211,0.149021178,300.993622,300.89328
2018-05-18,1.59791529,0.149157658,300.074249,299.684387
2018-05-19,0.950140178,0.146952659,299.649231,299.127991
2018-05-20,0.356875628,0.142780215,299.896393,299.37262
2018-05-21,0.439238548,0.13920337,300.432373,300.221191
2018-05-22,0.204257146,0.13566193,300.998444,300.819275
2018-05-23,0.0760253742,0.131952867,301.502686,301.306946
2018-05-24,0.0518679321,0.128596038,302.019073,301.923645
2018-05-25,0.662397981,0.126426652,302.52597,302.649078
2018-05-26,0.209109887,0.124249205,303.148346,303.289459
2018-05-27,0.396706313,0.121666603,303.763153,304.131836
2018-05-28,0.221999139,0.120464176,303.060333,303.080536
2018-05-29,0.127603963,0.118209451,303.138275,303.195648
2018-05-30,0.110087261,0.11593245,303.685699,303.834259
2018-05-31,0.167361751,0.113954276,304.633514,305.054718
2018-06-01,0.0918537378,0.11190363,305.740631,306.306885
2018-06-02,0.054523699,0.109882325,306.437347,307.096893
2018-06-03,0.0335609093,0.1085556,306.19809,306.661865
2018-06-04,0.0374345258,0.107289627,306.448029,306.975281
2018-06-05,0.954074025,0.106405623,306.988525,307.491516
2018-06-06,0.0784574002,0.105249509,307.587677,308.142273
2018-06-07,0.0559418648,0.103724517,307.713531,308.27887
2018-06-08,0.405360758,0.10271284,307.09848,307.454529
2018-06-09,1.54265392,0.106613621,305.98056,305.894501
2018-06-10,0.498788357,0.112267539,305.895294,305.968781
2018-06-11,0.0746015161,0.112117127,306.102966,306.239594
2018-06-12,0.0262206048,0.109076187,306.37384,306.550812
2018-06-13,0.0245238207,0.106542014,306.55661,306.870178
2018-06-14,0.0543228574,0.104595616,306.211945,306.474213
2018-06-15,0.477197081,0.104534149,305.359802,305.157166
2018-06-16,0.627003312,0.106918365,305.35321,305.270447
2018-06-17,1.03852749,0.110662989,305.370819,305.389557
2018-06-18,0.652870417,0.113263905,305.459747,305.467651
2018-06-19,0.250101238,0.11266654,306.12793,306.475677
2018-06-20,0.636950791,0.111064613,306.48822,306.759705
2018-06-21,0.180194348,0.108887166,306.522644,306.680054
2018-06-22,0.744482219,0.10819298,306.195129,306.277985
2018-06-23,0.400612473,0.107275568,306.534302,306.77713
2018-06-24,0.619566083,0.106413387,306.459076,306.573456
2018-06-25,0.512408018,0.104721896,306.030426,306.020264
2018-06-26,2.09902835,0.104615755,305.628235,305.561829
2018-06-27,1.75755632,0.114187479,304.999817,304.85498
2018-06-28,2.83902717,0.121241949,304.962097,305.004364
2018-06-29,3.3219521,0.130330041,304.744171,304.807098
2018-06-30,0.95929122,0.128810778,305.849213,306.212555
2018-07-01,0.147611544,0.123387828,306.596954,307.05423
2018-07-02,1.19384646,0.119456373,306.57605,306.857758
2018-07-03,2.88162827,0.119930468,305.818878,305.789642
2018-07-04,1.95982981,0.124885976,304.902863,304.688263
2018-07-05,0.990112185,0.126679197,305.071777,304.969513
2018-07-06,0.167153835,0.123368487,305.843719,305.982635
2018-07-07,0.214862466,0.118489712,306.963531,307.354218
2018-07-08,0.120032422,0.114179201,307.657104,308.123657
2018-07-09,0.238088548,0.110527918,308.094513,308.606934
2018-07-10,0.649283886,0.107688092,308.463257,308.99231
2018-07-11,1.19411242,0.106936716,308.058899,308.319427
2018-07-12,2.36620641,0.108969413,307.763885,307.924561
2018-07-13,1.80309784,0.113566712,307.460754,307.592041
2018-07-14,0.856541753,0.114570536,308.131653,308.585602
2018-07-15,1.80309403,0.115486607,308.200073,308.562805
2018-07-16,4.56740904,0.117729366,308.16449,308.502441
2018-07-17,2.03660297,0.121682927,307.679321,307.831512
2018-07-18,2.09022713,0.125585094,307.215027,307.296906
2018-07-19,2.50848365,0.125879973,307.581299,307.812714
2018-07-20,1.57398593,0.127843842,307.279114,307.422516
2018-07-21,2.49770713,0.126125261,307.631653,307.869751
2018-07-22,2.50896168,0.126469627,307.533142,307.804047
2018-07-23,2.84387207,0.126136631,307.609558,307.89093
2018-07-24,1.63066864,0.125536636,307.669067,307.834747
2018-07-25,1.93358541,0.122998111,307.174713,307.201324
2018-07-26,1.43840587,0.122277111,306.217377,305.968506
2018-07-27,0.931637466,0.121919535,305.375366,305.004578
2018-07-28,1.12641883,0.122136928,305.102509,304.77301
2018-07-29,0.768738031,0.121017665,304.911896,304.617249
2018-07-30,0.144937709,0.118011564,305.2229,305.065552
2018-07-31,0.15097633,0.114585236,305.227783,305.066986
2018-08-01,0.210012436,0.111752905,305.28833,305.231537
2018-08-02,0.228380263,0.109282807,305.395142,305.349335
2018-08-03,0.0541834757,0.10648638,305.898499,305.928345
2018-08-04,0.0627398193,0.103949338,306.229645,306.308502
2018-08-05,0.370653123,0.101928845,306.485626,306.677673
2018-08-06,1.0475806,0.101407908,306.333069,306.439209
2018-08-07,1.47534657,0.104972199,305.845551,305.753418
2018-08-08,1.60964394,0.111358926,305.762024,305.766083
2018-08-09,1.1268748,0.118534654,306.128082,306.194824
2018-08-10,0.145864815,0.117204487,306.652924,306.848938
2018-08-11,0.29586792,0.113574818,306.497223,306.649078
2018-08-12,0.768334389,0.111667372,305.660522,305.314636
2018-08-13,0.992143273,0.111873373,304.992889,304.704132
2018-08-14,0.630767107,0.111396179,305.477142,305.398254
2018-08-15,0.641504645,0.111318633,305.6828,305.662506
2018-08-16,0.906412721,0.115043543,305.836914,305.837158
2018-08-17,1.6352849,0.115150638,306.118225,306.116699
2018-08-18,3.44136786,0.116213508,305.726624,305.523956
2018-08-19,0.282595694,0.116401449,305.66861,305.555786
2018-08-20,0.657270551,0.113718204,305.772552,305.804779
2018-08-21,1.13274634,0.113075636,305.13913,304.818298
2018-08-22,0.661417186,0.113606639,304.47345,304.024139
2018-08-23,0.630516529,0.113585107,303.953003,303.534851
2018-08-24,0.39286226,0.111002177,303.663849,303.234955
2018-08-25,0.409727693,0.109056994,303.356476,302.917725
2018-08-26,0.203835398,0.108113915,302.866302,302.256317
2018-08-27,0.124076553,0.106492914,303.119812,302.705139
2018-08-28,0.532750189,0.104299597,303.641479,303.48642
2018-08-29,0.784961522,0.103104711,303.962769,303.799469
2018-08-30,0.0608390942,0.101283491,303.408661,302.875977
2018-08-31,0.0745810568,0.0995979682,302.796112,302.235291
2018-09-01,0.240269825,0.0988237485,302.462219,301.981781
2018-09-02,0.465598404,0.100064136,301.775116,301.042603
2018-09-03,0.5164873,0.10045141,301.390442,300.670837
2018-09-04,0.253981352,0.0999038592,301.410309,300.80542
2018-09-05,0.0756380633,0.098626323,301.375336,300.803741
2018-09-06,0.393892437,0.0975177735,301.521851,301.058624
2018-09-07,0.722416878,0.097871609,301.693512,301.319702
2018-09-08,1.66836166,0.0988268182,302.474182,302.351959
2018-09-09,0.353308022,0.0992127508,302.895294,302.83963
2018-09-10,0.371189535,0.0989050344,303.109528,303.030334
2018-09-11,0.123160176,0.0980721861,303.100708,302.882355
2018-09-12,0.121286765,0.0963664725,302.655243,302.332733
2018-09-13,0.628079534,0.0955717117,301.746368,301.189484
2018-09-14,0.977009892,0.0963640511,300.819672,299.997803
2018-09-15,0.65099901,0.10076087,299.677521,298.447266
2018-09-16,0.0546575822,0.100535184,299.680511,298.683533
2018-09-17,0.0358705148,0.0987583026,300.082794,299.343109
2018-09-18,0.00781525392,0.0969898552,300.33136,299.826599
2018-09-19,0.0114067132,0.0954411477,300.472626,299.97821
2018-09-20,0.0307125952,0.0940416381,300.449493,299.973053
2018-09-21,0.461568236,0.093391791,299.98764,299.387024
2018-09-22,1.65444767,0.09834411,299.200806,298.428406
2018-09-23,1.57659948,0.105765596,298.764008,298.011475
2018-09-24,0.117605738,0.104456976,299.116882,298.533203
2018-09-25,0.135067761,0.103092216,299.330353,298.886261
2018-09-26,0.315019399,0.103347942,299.419983,298.992401
2018-09-27,0.502150178,0.103575535,299.246216,298.638275
2018-09-28,0.644399822,0.103931136,298.694427,297.853851
2018-09-29,0.155659944,0.103602819,298.394989,297.63324
2018-09-30,0.133424446,0.102574065,298.387573,297.6474
2018-10-01,0.0579940937,0.10126207,298.114227,297.207184
2018-10-02,0.189956367,0.100198269,297.828796,296.992218
2018-10-03,0.243858889,0.09955246,297.658539,296.901367
2018-10-04,0.310781151,0.0995353013,297.407654,296.576935
2018-10-05,0.124934942,0.0991061926,297.474152,296.624847
2018-10-06,0.163429812,0.0985281244,297.318787,296.394867
2018-10-07,0.224740461,0.0983321071,296.39624,295.087067
2018-10-08,1.46999311,0.101640902,294.848877,293.156586
2018-10-09,0.101876304,0.102555864,293.840881,291.782898
2018-10-10,0.125719175,0.101577781,293.435394,291.496979
2018-10-11,0.0449126437,0.100921012,293.385071,291.546143
2018-10-12,0.0404452197,0.100319214,293.66626,291.982147
2018-10-13,0.0597495846,0.0997950062,293.820984,292.400848
2018-10-14,0.0209356472,0.0993594676,293.521271,291.816132
2018-10-15,0.538654804,0.099119775,293.810852,292.962799
2018-10-16,0.881272137,0.103951976,293.168671,291.652222
2018-10-17,0.0231103878,0.105224676,292.623108,290.292297
2018-10-18,0.0255945735,0.10425619,292.338959,290.152008
2018-10-19,0.0283480398,0.103616633,292.296906,290.218506
2018-10-20,0.0112632085,0.102959819,292.411285,290.419617
2018-10-21,0.0118217431,0.102330349,292.759491,291.023407
2018-10-22,0.0652703643,0.101766884,293.205505,291.545868
2018-10-23,0.077665776,0.101491995,293.514038,291.98703
2018-10-24,0.244220257,0.10272219,293.68808,292.482178
2018-10-25,0.25942871,0.104583427,294.122437,293.0849
2018-10-26,0.0715977699,0.10444162,294.651703,293.657379
2018-10-27,0.304830581,0.104245506,294.924072,293.919281
2018-10-28,0.568720043,0.10953749,293.642029,292.360474
2018-10-29,0.41149798,0.110494092,293.139435,291.967224
2018-10-30,2.45912576,0.113888569,292.755432,291.809448
2018-10-31,2.24509192,0.12676248,291.92981,291.006134
2018-11-01,1.75379491,0.131756321,291.053436,289.310486
2018-11-02,0.395678252,0.131241724,289.439301,286.94812
2018-11-03,0.394643933,0.130462214,287.740723,284.273956
2018-11-04,0.0301224701,0.12886402,286.931793,283.312439
2018-11-05,0.0527728498,0.127370462,287.164825,284.042908
2018-11-06,0.0283667203,0.125996709,287.992035,285.616211
2018-11-07,0.303498596,0.125154898,288.744354,287.188416
2018-11-08,0.118012741,0.124535531,289.075592,287.458954
2018-11-09,0.18816103,0.124277793,289.30838,287.833282
2018-11-10,0.383509725,0.123730399,289.703522,288.383789
2018-11-11,0.38246721,0.123415999,289.951141,288.465027
2018-11-12,0.26179871,0.123496428,289.593353,287.872833
2018-11-13,0.345527291,0.123399548,288.734192,286.509949
2018-11-14,0.325214297,0.124524385,287.619873,284.98349
2018-11-15,0.0889260545,0.123855911,287.565796,285.013763
2018-11-16,0.199466169,0.122972727,288.388947,286.089142
2018-11-17,0.606025159,0.123700075,288.877747,287.154877
2018-11-18,0.105051517,0.123616964,288.872833,287.166321
2018-11-19,0.187886268,0.122942127,288.584351,286.640411
2018-11-20,0.195223033,0.122677714,288.188568,286.129852
2018-11-21,1.79161239,0.12818563,288.123779,286.567017
2018-11-22,0.398837775,0.137160987,288.122925,286.144867
2018-11-23,0.0954329148,0.135735765,288.21701,286.033661
2018-11-24,0.7157408,0.136948347,287.915894,286.158295
2018-11-25,0.0641229451,0.137294933,287.859955,285.9841
2018-11-26,1.76744175,0.138908893,288.10144,286.579071
2018-11-27,0.65365988,0.140663773,287.885681,286.431885
2018-11-28,0.370811582,0.140658125,287.339691,285.272247
2018-11-29,0.0217407141,0.138849899,286.984619,284.184296
2018-11-30,0.0154344672,0.137400806,286.462952,283.849792
2018-12-01,0.0183451045,0.136422515,285.455627,282.756287
2018-12-02,0.0176261775,0.135629058,285.232666,282.421143
2018-12-03,0.0112298066,0.134898186,285.185059,282.593201
2018-12-04,0.00781834871,0.134212658,285.079498,282.757202
2018-12-05,0.0363260396,0.133539513,284.958191,282.928772
2018-12-06,0.0193039831,0.132837623,285.225433,282.912628
2018-12-07,0.339710921,0.132394463,285.573242,283.835571
2018-12-08,0.272098541,0.132864445,285.774719,284.102905
2018-12-09,1.14298344,0.135647476,285.351776,283.34668
2018-12-10,0.628578544,0.139057457,284.466217,281.699921
2018-12-11,0.183714285,0.139681473,283.921112,280.554596
2018-12-12,0.0826471969,0.139907151,283.378815,279.629608
2018-12-13,0.0213915203,0.13913998,283.153625,279.515656
2018-12-14,0.00428000651,0.138264745,282.936523,279.403717
2018-12-15,0.00677290559,0.137545601,282.636322,279.349335
2018-12-16,0.00550863426,0.136947617,282.246979,279.161469
2018-12-17,0.0156244356,0.136341855,282.229858,279.559265
2018-12-18,0.0572153181,0.135833934,282.374847,280.450043
2018-12-19,0.0364725627,0.135808781,282.187469,279.77359
2018-12-20,0.0161719881,0.13555561,281.885773,278.858063
2018-12-21,0.0118371872,0.134963363,281.736725,278.89035
2018-12-22,0.113479622,0.135003686,281.580078,279.095032
2018-12-23,0.0929547772,0.135640338,281.411469,278.751923
2018-12-24,0.0129420953,0.135196716,281.198395,277.992584
2018-12-25,0.135523036,0.134708226,281.187836,278.295807
2018-12-26,0.02306729,0.134391993,280.784393,277.663605
2018-12-27,0.00873931032,0.133858323,280.716278,277.609253
2018-12-28,0.0180845615,0.133243427,281.229248,278.832703
2018-12-29,0.145064637,0.132766411,282.107361,280.468933
2018-12-30,0.0354342461,0.132504418,282.286041,280.178711
2018-12-31,0.430785507,0.132739604,282.833954,281.042603
2019-01-01,0.749024928,0.138344824,282.866669,280.828308
2019-01-02,0.107418507,0.138963133,282.70755,279.728577
2019-01-03,1.1153003,0.138532102,283.551025,281.120087
2019-01-04,2.84779358,0.145105854,283.300323,281.315948
2019-01-05,0.34722808,0.145263895,282.241882,278.570221
2019-01-06,0.0716804564,0.143504724,281.805237,277.536224
2019-01-07,0.639763236,0.142526507,282.695496,280.628723
2019-01-08,0.269213617,0.142676875,283.105255,280.125671
2019-01-09,0.512648582,0.141974211,283.2164,280.15506
2019-01-10,1.0606153,0.144619614,283.612488,281.640015
2019-01-11,0.389181286,0.146059752,282.851929,279.930145
2019-01-12,0.704980016,0.146750584,281.844513,277.540497
2019-01-13,0.0825577378,0.146256581,281.516144,276.786804
2019-01-14,0.593591332,0.145095915,282.362976,279.767914
2019-01-15,0.784421086,0.145312533,283.55072,282.092255
2019-01-16,0.380983949,0.145453677,284.184418,281.948578
2019-01-17,0.452260375,0.144317389,284.639709,282.073608
2019-01-18,1.27282155,0.146206617,284.852478,282.972443
2019-01-19,1.25457656,0.14980635,284.350159,282.769409
2019-01-20,3.38018274,0.160496891,282.908081,280.305054
2019-01-21,2.87074947,0.168924555,281.329163,277.34848
2019-01-22,0.500736535,0.170454234,280.735504,276.784973
2019-01-23,0.0700406358,0.168162167,281.002991,277.141022
2019-01-24,0.0669940561,0.166212887,281.072418,276.776825
2019-01-25,0.0509430841,0.16474019,281.102539,276.978729
2019-01-26,0.28080982,0.165309355,281.567749,277.76651
2019-01-27,0.0114424434,0.166486666,282.048096,277.970703
2019-01-28,0.171948195,0.165057331,282.73291,279.851654
2019-01-29,2.87226892,0.166115612,283.875885,282.84906
2019-01-30,4.49814606,0.181390464,283.344116,281.651611
2019-01-31,1.24966848,0.185813561,282.513458,279.443939
2019-02-01,0.225419745,0.182177737,282.645782,279.671051
2019-02-02,0.274157763,0.17951566,283.331818,280.731781
2019-02-03,2.90863442,0.183613211,284.03241,282.247192
2019-02-04,5.68382168,0.204932302,283.437592,282.049408
2019-02-05,1.00185823,0.20483239,282.807953,279.969818
2019-02-06,1.15257418,0.201798335,281.591675,277.136993
2019-02-07,1.37218428,0.201519176,280.811676,276.147552
2019-02-08,0.113085829,0.198489681,281.259888,276.91803
2019-02-09,0.316391736,0.19507058,282.393188,279.953522
2019-02-10,0.570068121,0.1924413,283.856659,282.164276
2019-02-11,2.5559504,0.192311525,284.764526,283.501404
2019-02-12,8.30289459,0.207433388,284.348389,283.271301
2019-02-13,2.18110752,0.213445514,283.789948,282.056427
2019-02-14,1.61776149,0.210658431,283.448975,280.339508
2019-02-15,0.093189165,0.205855265,283.398926,279.655182
2019-02-16,2.06685877,0.202535287,284.236969,281.926514
2019-02-17,2.06903243,0.204545259,284.559235,282.982147
2019-02-18,0.885876,0.204694375,284.405212,281.490692
2019-02-19,2.81279397,0.204651132,284.803406,282.745117
2019-02-20,6.88084841,0.23763822,283.009735,280.793884
2019-02-21,0.38071683,0.233555764,283.109406,279.790619
2019-02-22,0.110695392,0.224658489,283.556122,279.846344
2019-02-23,0.0993424505,0.218627706,284.230713,281.162262
2019-02-24,0.082270667,0.213805348,284.541107,281.56897
2019-02-25,0.386421174,0.210359737,284.506165,281.273499
2019-02-26,0.268527538,0.208773762,284.009857,280.760773
2019-02-27,0.188265026,0.206440002,284.404785,281.172028
2019-02-28,1.43682635,0.206176579,285.098022,283.280304
2019-03-01,8.50820351,0.226856232,284.942566,283.806458
2019-03-02,5.33846951,0.250014633,283.702026,281.933197
2019-03-03,0.183812842,0.239461511,284.928772,282.643402
2019-03-04,0.15778625,0.231660649,285.49295,282.84314
2019-03-05,0.42420274,0.226449594,285.852295,283.080475
2019-03-06,0.231769741,0.222722188,286.074646,283.76239
2019-03-07,0.617443204,0.219574317,286.350006,284.191833
2019-03-08,0.158340886,0.217677563,286.701263,284.404022
2019-03-09,0.537881494,0.213637561,286.891205,284.415192
2019-03-10,2.28816366,0.218496203,285.985779,284.152618
2019-03-11,1.03887391,0.220846117,285.84845,284.121918
2019-03-12,0.360355437,0.215786591,286.669708,284.577423
2019-03-13,0.577058494,0.213485137,287.068512,285.283539
2019-03-14,0.152162179,0.210335478,287.606262,285.916107
2019-03-15,0.237411961,0.205747738,288.235321,286.583862
2019-03-16,0.349776387,0.202830508,288.951202,287.794312
2019-03-17,1.14118099,0.200473189,290.154877,289.483215
2019-03-18,3.28090572,0.210423917,289.26062,288.370331
2019-03-19,1.53290546,0.210004032,289.175262,287.89502
2019-03-20,0.307500392,0.206215113,289.108826,287.606445
2019-03-21,0.28902477,0.201421604,289.65152,288.141693
2019-03-22,1.16466713,0.200670615,290.187164,289.152008
2019-03-23,1.44547737,0.202477917,290.343414,289.32959
2019-03-24,1.45225775,0.202887848,290.517639,289.224426
2019-03-25,0.428238213,0.199826524,291.621613,290.464539
2019-03-26,1.75734162,0.196631625,292.336273,292.14679
2019-03-27,2.93245888,0.197896764,293.333923,293.646606
2019-03-28,2.16107059,0.198626518,294.154266,294.152252
2019-03-29,2.42520642,0.198609203,293.235138,292.667389
2019-03-30,0.65127033,0.193035513,293.004059,292.052643
2019-03-31,0.0443058945,0.186610132,293.554382,292.590363
2019-04-01,0.247979686,0.181576982,294.216888,293.72229
2019-04-02,0.363831639,0.177526519,295.771637,295.97937
2019-04-03,0.438372046,0.174814552,296.780243,297.17041
2019-04-04,0.82873565,0.173236653,297.314972,297.644836
2019-04-05,0.408570021,0.171829388,297.504059,297.698669
2019-04-06,0.802604377,0.168455631,297.56665,297.318451
2019-04-07,0.826694667,0.167785957,297.367676,297.265015
2019-04-08,1.39163756,0.16810742,297.34314,297.339661
2019-04-09,2.50480342,0.173420757,296.604675,296.593567
2019-04-10,1.168378,0.172243044,297.119537,297.342896
2019-04-11,1.91554379,0.175282434,296.884705,297.034515
2019-04-12,2.52990246,0.181850672,296.699158,296.671539
2019-04-13,2.34342718,0.187000662,296.609802,296.605621
2019-04-14,4.79493952,0.201802164,295.583588,295.269653
2019-04-15,5.7678113,0.220393956,293.690674,293.142792
2019-04-16,3.96264553,0.230283454,292.275726,291.555634
2019-04-17,1.05145693,0.232155785,293.079407,292.716064
2019-04-18,0.113896444,0.2192671,294.957855,294.746429
2019-04-19,0.381158173,0.209302425,296.294342,296.302917
2019-04-20,0.989323854,0.203149378,297.32962,297.514404
2019-04-21,0.455069959,0.196936056,297.569641,297.628754
2019-04-22,0.632327318,0.190030292,298.505219,298.868011
2019-04-23,3.70521355,0.188137859,299.145386,299.560883
2019-04-24,1.59460127,0.191049993,296.965302,296.598053
2019-04-25,0.758553803,0.186523244,296.631226,296.325745
2019-04-26,0.134100512,0.180947095,297.02597,296.815308
2019-04-27,0.21317549,0.175451979,297.577179,297.499725
2019-04-28,0.159134537,0.170005843,298.477966,298.411346
2019-04-29,1.47615504,0.168597862,298.036591,297.976776
2019-04-30,0.335686117,0.165853098,298.028778,297.603638
2019-05-01,0.204560086,0.161334738,298.296539,297.89325
2019-05-02,0.266921908,0.158321232,298.397217,298.086456
2019-05-03,0.0700545534,0.154748291,298.798248,298.309845
2019-05-04,0.0192642696,0.150448069,299.525269,299.147919
2019-05-05,0.0374586321,0.146374971,300.148895,299.971893
2019-05-06,0.163435727,0.143190593,300.699188,300.691284
2019-05-07,0.0905080289,0.140273601,301.083527,301.121002
2019-05-08,0.348345131,0.138488829,301.570099,301.77829
2019-05-09,0.491826057,0.137469783,302.104156,302.425018
2019-05-10,0.816482902,0.13744837,302.266968,302.505096
2019-05-11,1.20326293,0.138758391,302.41803,302.621582
2019-05-12,0.529198647,0.139232263,302.351166,302.359344
2019-05-13,1.13779593,0.139841422,302.35849,302.40921
2019-05-14,0.987822294,0.142288163,302.244659,302.30545
2019-05-15,2.01330757,0.151516303,301.539337,301.404907
2019-05-16,2.01104426,0.16427511,300.545532,300.238098
2019-05-17,1.66355765,0.172935277,299.752045,299.277618
2019-05-18,0.599315882,0.17079252,300.627472,300.40329
2019-05-19,1.09926879,0.16754514,301.34436,301.269623
2019-05-20,0.429347605,0.164240584,302.222321,302.146667
2019-05-21,1.15552795,0.163497791,302.486633,302.521667
2019-05-22,1.73089695,0.167218626,301.541962,301.337769
2019-05-23,2.29169059,0.171899438,300.393738,299.95108
2019-05-24,1.05840755,0.171721563,300.569702,300.186432
2019-05-25,0.227820933,0.164535895,301.529022,301.371674
2019-05-26,0.0839768276,0.157737985,302.222107,302.03717
2019-05-27,0.0273432136,0.151279435,303.01535,302.913391
2019-05-28,0.0202714223,0.145584524,303.747833,303.819031
2019-05-29,0.109154776,0.140972286,304.366425,304.562653
2019-05-30,0.240885139,0.137825489,304.566589,304.74231
2019-05-31,0.333959728,0.135830641,304.847412,305.083679
2019-06-01,0.679603934,0.134057194,305.204865,305.435516
2019-06-02,0.641396761,0.132344291,305.046509,305.212891
2019-06-03,0.555071533,0.130186647,304.50351,304.539398
2019-06-04,0.546906948,0.128984913,304.045227,303.819336
2019-06-05,0.348146737,0.127432227,304.01416,303.834564
2019-06-06,0.263076752,0.125040859,304.566803,304.542114
2019-06-07,0.200264126,0.122680411,305.261047,305.336731
2019-06-08,0.198366374,0.120870858,305.491241,305.599457
2019-06-09,0.0514693484,0.117863506,305.830017,306.040558
2019-06-10,0.355519235,0.116263554,305.129578,305.200439
2019-06-11,0.895524204,0.116661809,303.519379,303.057739
2019-06-12,0.477506369,0.116366819,303.184631,302.444489
2019-06-13,0.339654684,0.114291713,303.640472,303.212128
2019-06-14,0.170312211,0.112798207,304.408417,304.530121
2019-06-15,0.609396935,0.112565279,304.369232,304.309631
2019-06-16,0.322758377,0.113725744,304.293701,304.036163
2019-06-17,0.518383265,0.114404254,304.25177,304.127502
2019-06-18,0.777447641,0.120904014,303.947357,303.65625
2019-06-19,0.724983573,0.122590177,304.745026,304.809082
2019-06-20,1.18148184,0.123609066,304.933685,304.991425
2019-06-21,0.443459213,0.124524504,305.340546,305.42926
2019-06-22,0.367741585,0.123122983,305.866089,306.111267
2019-06-23,1.67419672,0.123486541,305.536255,305.552094
2019-06-24,1.04720938,0.127423599,304.346039,304.040253
2019-06-25,0.339128256,0.128205314,305.142944,305.048401
2019-06-26,0.545918941,0.124978721,305.479919,305.425446
2019-06-27,0.246335775,0.122208208,305.408783,305.373871
2019-06-28,0.363959849,0.119379215,305.781342,305.840332
2019-06-29,0.692604959,0.117463544,306.091644,306.243317
2019-06-30,0.397707283,0.116426863,306.398468,306.514221
2019-07-01,1.56073785,0.115515582,306.755676,306.99762
2019-07-02,0.460154384,0.114044018,306.712067,306.841614
2019-07-03,0.57725054,0.111726999,306.567993,306.599091
2019-07-04,1.59089684,0.110025287,306.631775,306.683228
2019-07-05,1.41483927,0.109762199,306.338409,306.389954
2019-07-06,1.79456627,0.110118099,306.379578,306.377838
2019-07-07,0.684467196,0.112157337,306.703064,306.874512
2019-07-08,0.848314464,0.111766636,307.066193,307.329773
2019-07-09,0.986720562,0.110353321,307.080811,307.280731
2019-07-10,0.422877878,0.109500296,306.989197,307.157623
2019-07-11,0.954346001,0.109287262,306.838593,306.955139
2019-07-12,1.52865398,0.11003276,307.116089,307.415466
2019-07-13,1.71747339,0.114283212,306.81842,306.905579
2019-07-14,1.41564059,0.117505938,306.150116,306.138916
2019-07-15,0.973935723,0.118876643,305.716583,305.629028
2019-07-16,1.5894984,0.1227272,305.657715,305.688782
2019-07-17,1.21333754,0.127643332,305.742126,305.880188
2019-07-18,1.74652994,0.131329358,305.943268,306.063385
2019-07-19,1.50777161,0.134464905,306.214691,306.407501
2019-07-20,0.724325418,0.137185663,306.629639,306.906006
2019-07-21,0.903049231,0.137380987,306.846344,307.124237
2019-07-22,1.30992067,0.135644048,306.953735,307.067169
2019-07-23,1.27938259,0.135452241,307.206177,307.43927
2019-07-24,2.18694425,0.13519682,307.342316,307.565826
2019-07-25,4.57361555,0.136880293,306.390564,306.231018
2019-07-26,3.0325501,0.139882267,305.593689,305.469971
2019-07-27,5.24206352,0.148470834,305.068451,304.91687
2019-07-28,5.0211091,0.157096758,304.814667,304.797272
2019-07-29,2.51341462,0.159371257,305.22168,305.365631
2019-07-30,1.06470859,0.155169815,305.839691,306.072418
2019-07-31,1.4333024,0.1521222,306.191925,306.330627
2019-08-01,4.36616325,0.154012129,305.681091,305.570221
2019-08-02,1.52441549,0.153681189,305.613983,305.637085
2019-08-03,2.17739201,0.150982007,306.00235,306.096344
2019-08-04,0.167956918,0.146410972,306.272247,306.416779
2019-08-05,1.14552641,0.14188844,306.81543,307.109955
2019-08-06,2.03186154,0.138142824,306.944946,307.194946
2019-08-07,1.85598552,0.136805698,306.255035,306.156219
2019-08-08,1.58810973,0.140039444,306.17392,306.203064
2019-08-09,4.09436846,0.148297012,304.720917,304.303497
2019-08-10,1.7545898,0.152773857,303.903137,303.54303
2019-08-11,0.941798806,0.154837191,304.024719,303.917725
2019-08-12,0.580275953,0.153552175,304.220856,304.135834
2019-08-13,1.68770921,0.150665849,304.343201,304.122711
2019-08-14,1.43827081,0.149654746,303.648071,303.152802
2019-08-15,2.03952909,0.150047511,303.159973,302.61203
2019-08-16,4.14645958,0.152349412,302.489868,301.905884
2019-08-17,2.27641129,0.155838639,301.558777,300.803375
2019-08-18,1.08516824,0.150633067,301.940216,301.497009
2019-08-19,0.520870268,0.148057848,302.179108,301.711456
2019-08-20,0.0643651187,0.143495023,302.406982,301.963318
2019-08-21,0.078429237,0.137813583,302.613068,302.283752
2019-08-22,0.283813,0.133237392,303.180939,303.038025
2019-08-23,0.0813435242,0.129490137,303.580872,303.456421
2019-08-24,0.071861662,0.126267523,303.34314,302.991211
2019-08-25,0.669720948,0.123396046,303.335358,303.082611
2019-08-26,0.496962786,0.121642806,303.444489,303.238342
2019-08-27,0.893615484,0.121237352,303.5896,303.385193
2019-08-28,2.19432521,0.122590803,303.849701,303.743256
2019-08-29,1.00009298,0.125120342,303.732635,303.636627
2019-08-30,1.73421049,0.126724884,303.337524,302.956696
2019-08-31,1.32548773,0.127040267,303.055908,302.581116
2019-09-01,3.19767499,0.128766611,302.844025,302.467834
2019-09-02,0.939968765,0.134906054,302.501251,302.033691
2019-09-03,0.40068537,0.13408789,302.944183,302.684174
2019-09-04,0.550524294,0.131664962,303.061737,302.792786
2019-09-05,0.55350399,0.128461376,303.022705,302.714722
2019-09-06,0.663266957,0.125337213,302.761658,302.347168
2019-09-07,1.34138834,0.12479116,302.148285,301.531708
2019-09-08,0.119075835,0.122941434,302.319275,301.917877
2019-09-09,0.0564007908,0.119880095,302.531464,302.218445
2019-09-10,0.0582646579,0.116456732,302.008698,301.405243
2019-09-11,0.065209128,0.113549747,301.799927,301.280975
2019-09-12,0.469543129,0.111785375,301.671112,301.159729
2019-09-13,0.484042525,0.110721871,301.677216,301.282227
2019-09-14,0.264131308,0.109663263,301.717438,301.333801
2019-09-15,0.216125935,0.108821169,301.044312,300.284027
2019-09-16,0.167090029,0.107339546,300.394867,299.570282
2019-09-17,0.0978222862,0.105775937,300.182373,299.375366
2019-09-18,0.138171315,0.103826955,301.070374,300.789185
2019-09-19,0.438044339,0.102778055,301.416718,301.199799
2019-09-20,0.419638425,0.103791982,301.385864,301.017944
2019-09-21,0.15195632,0.103281312,301.654999,301.347137
2019-09-22,0.129861712,0.102214038,301.879822,301.686554
2019-09-23,0.063725166,0.101153605,301.145874,300.61908
2019-09-24,0.0919152051,0.100577384,301.357574,301.13916
2019-09-25,0.234670803,0.101848267,301.438873,301.240662
2019-09-26,0.402577013,0.103714176,301.613953,301.423767
2019-09-27,1.07674193,0.106632978,301.72934,301.539459
2019-09-28,2.07703662,0.109966934,301.06308,300.55188
2019-09-29,1.68176389,0.114233315,300.296021,299.811127
2019-09-30,0.879997134,0.117019646,299.64798,299.03241
2019-10-01,1.55512404,0.119625039,299.007782,298.279358
2019-10-02,0.877003193,0.122782618,298.650909,297.92038
2019-10-03,2.67608953,0.131157994,297.625641,296.655823
2019-10-04,0.623135149,0.13780123,296.412292,295.007019
2019-10-05,2.3568511,0.143599629,296.060394,294.895355
2019-10-06,1.10393083,0.153897703,295.278107,294.118469
2019-10-07,0.0971836075,0.151368037,296.287567,295.357666
2019-10-08,0.0319075994,0.146390989,296.830139,295.868286
2019-10-09,0.0153456265,0.142246678,296.827576,295.709381
2019-10-10,0.0189452376,0.138529062,296.450714,295.418762
2019-10-11,0.0466634147,0.135551691,295.878082,294.650024
2019-10-12,0.0309027396,0.132835895,296.049438,295.148193
2019-10-13,0.0194334257,0.13018252,296.222443,295.496307
2019-10-14,0.0129611548,0.127725124,295.234009,294.084442
2019-10-15,0.0199103504,0.125527292,294.948242,294.021301
2019-10-16,0.0215213429,0.123560674,295.212036,294.563477
2019-10-17,1.0064708,0.123324469,294.969757,294.279968
2019-10-18,0.404270619,0.124419682,294.233093,293.121307
2019-10-19,0.0699373782,0.123794824,294.081207,292.909943
2019-10-20,0.0260635968,0.121863723,294.137177,292.940796
2019-10-21,0.156456083,0.120207019,293.943207,292.96817
2019-10-22,0.103271551,0.119536988,293.553436,292.251526
2019-10-23,0.0277516339,0.118673801,292.94043,291.241211
2019-10-24,0.0281554796,0.117473751,292.628632,290.90329
2019-10-25,0.0206585471,0.116284899,292.690033,291.125153
2019-10-26,0.310652316,0.115543179,293.155396,292.082184
2019-10-27,0.349022597,0.116118953,293.530457,292.545929
2019-10-28,0.628631413,0.117208146,293.658447,292.917114
2019-10-29,1.10749841,0.120427504,294.166016,293.596954
2019-10-30,0.859383941,0.126243576,294.40271,293.595581
2019-10-31,3.15530801,0.136601135,293.907684,292.986725
2019-11-01,2.95265055,0.1520226,293.312378,292.189972
2019-11-02,1.10390675,0.159356862,293.031494,291.659088
2019-11-03,0.477419764,0.160092533,293.020782,291.461029
2019-11-04,0.581987679,0.159063146,291.922729,290.175293
2019-11-05,1.85091579,0.160648704,290.3078,288.621338
2019-11-06,1.85374141,0.163750708,288.718384,286.503845
2019-11-07,1.64373302,0.166631609,287.637726,285.171539
2019-11-08,0.0611838847,0.164902389,287.533875,284.986145
2019-11-09,0.034185227,0.16211012,287.79718,285.22168
2019-11-10,0.107642025,0.159998655,287.958344,285.579681
2019-11-11,0.201307848,0.158379421,287.722351,285.319244
2019-11-12,0.335448235,0.15883486,287.687012,285.878998
2019-11-13,1.1963582,0.159596905,287.918762,286.377106
2019-11-14,3.14770818,0.169966176,287.919067,286.578857
2019-11-15,2.25382686,0.180479094,287.755432,286.257416
2019-11-16,0.995278895,0.181798711,287.395325,285.511475
2019-11-17,0.0518399253,0.177512348,287.155457,284.698975
2019-11-18,0.13749449,0.174330741,286.935944,284.327087
2019-11-19,0.338915706,0.171758041,287.256287,285.518677
2019-11-20,3.16673589,0.173919693,287.412964,286.344574
2019-11-21,7.2481432,0.197822168,286.69873,285.317627
2019-11-22,3.37496042,0.214957535,285.343903,282.721924
2019-11-23,0.271587789,0.208742827,285.622833,282.59494
2019-11-24,0.195956588,0.204724848,285.143951,282.054779
2019-11-25,0.11189498,0.201826796,284.65094,281.720001
2019-11-26,0.443332165,0.201526284,284.455231,281.832275
2019-11-27,0.708910584,0.203423098,284.175873,281.147522
2019-11-28,0.0486273989,0.202104703,284.037354,280.489716
2019-11-29,0.0495554768,0.199726373,284.205841,280.699829
2019-11-30,0.056027744,0.197257474,284.497711,281.358551
2019-12-01,0.0269149151,0.194896951,284.74353,281.855042
2019-12-02,0.0142124724,0.192650348,284.835815,282.09903
2019-12-03,0.0165971518,0.190538421,284.779907,282.186615
2019-12-04,0.0402440391,0.188609645,284.772461,282.395752
2019-12-05,0.0653116703,0.186812267,284.870575,282.508789
2019-12-06,0.052453585,0.185636014,284.404266,281.794861
2019-12-07,0.0957118124,0.184196934,284.13031,281.565704
2019-12-08,1.17193139,0.185529649,284.17749,282.215576
2019-12-09,0.914670587,0.18721129,285.297821,283.749756
2019-12-10,0.79209286,0.190453231,285.192657,283.678436
2019-12-11,1.40083265,0.192683235,284.610901,282.622772
2019-12-12,2.51307321,0.205710575,283.442902,280.765106
2019-12-13,0.438786298,0.208114967,282.613678,279.253967
2019-12-14,0.0946570188,0.205148995,282.623352,279.09494
2019-12-15,0.0291846953,0.202490136,282.420898,278.48114
2019-12-16,0.0438370034,0.200167269,282.53595,278.783783
2019-12-17,0.714243591,0.199730411,282.789856,280.001648
2019-12-18,0.477435261,0.20475924,283.153137,281.3909
2019-12-19,0.191976681,0.20457539,282.968842,280.220947
2019-12-20,0.168459028,0.202360749,282.540649,278.795074
2019-12-21,0.0428242534,0.200097218,281.986725,278.675018
2019-12-22,0.0191854704,0.198108032,281.676361,278.336517
2019-12-23,0.0158732384,0.196302682,281.559357,278.490601
2019-12-24,0.00512428954,0.194667026,281.545654,278.503265
2019-12-25,0.00468982942,0.193043888,281.48877,278.111816
2019-12-26,0.00890990067,0.191400021,281.5466,278.549194
2019-12-27,0.0274166185,0.189830929,281.56189,278.856049
2019-12-28,0.0107376697,0.188374579,281.446136,278.80954
2019-12-29,0.0108270179,0.187156409,281.146667,278.554779
2019-12-30,0.0503892191,0.186447769,280.962891,278.867523
2019-12-31,0.0750606656,0.185812384,280.885986,278.757782
2020-01-01,0.557957888,0.188849837,281.024231,279.096008
2020-01-02,0.526070237,0.194685549,281.544464,279.367462
2020-01-03,0.192807719,0.195331097,282.066589,279.138611
2020-01-04,0.69736141,0.195123151,282.267944,278.766571
2020-01-05,5.56341648,0.208843559,282.208099,280.065826
2020-01-06,4.41822147,0.22711432,281.618317,278.667328
2020-01-07,0.245490193,0.227047622,280.83374,276.094086
2020-01-08,0.0678038001,0.222078085,280.061768,274.142426
2020-01-09,0.0617786236,0.218226701,279.905975,274.588928
2020-01-10,1.52817655,0.217446089,280.495697,276.644745
2020-01-11,10.3851967,0.232977837,280.703888,278.89209
2020-01-12,6.25911283,0.244162872,280.201233,277.682434
2020-01-13,4.06166887,0.252678722,279.125366,274.161743
2020-01-14,0.126483098,0.245981589,279.261505,273.142212
2020-01-15,0.170141652,0.240975201,279.137604,272.583527
2020-01-16,0.11937084,0.237795785,279.121643,272.95578
2020-01-17,0.144621387,0.234880343,279.094879,272.716187
2020-01-18,0.675816298,0.232644945,279.445679,274.049744
2020-01-19,0.871317089,0.231677487,280.20874,276.881073
2020-01-20,1.01151931,0.232799917,280.662842,277.695557
2020-01-21,0.318782985,0.232994199,280.907166,277.177002
2020-01-22,0.132771328,0.230616897,281.028412,276.026215
2020-01-23,2.1824398,0.230267793,281.475677,277.523071
2020-01-24,1.37078941,0.233317733,281.909271,279.430939
2020-01-25,0.364673674,0.230084702,282.473785,278.832764
2020-01-26,0.591452122,0.227692008,282.32724,278.25824
2020-01-27,1.0041908,0.228267267,281.603577,277.268799
2020-01-28,1.41768658,0.231179237,280.666992,275.986145
2020-01-29,0.159159437,0.229075179,280.743378,276.279266
2020-01-30,0.0533842631,0.225360006,280.978088,276.928711
2020-01-31,0.0807511583,0.222609818,281.309021,277.334961
2020-02-01,0.0147179477,0.219985574,281.678406,277.786713
2020-02-02,0.464728713,0.219130501,282.013184,278.78537
2020-02-03,0.552879572,0.22191292,282.004578,279.16452
2020-02-04,0.147047311,0.220824718,281.814056,277.85968
2020-02-05,0.090255402,0.217294067,281.985474,278.368774
2020-02-06,0.0566226691,0.215138525,282.211639,278.40509
2020-02-07,0.0292469822,0.212357014,282.603058,278.978271
2020-02-08,0.17295979,0.209752157,283.21524,280.291077
2020-02-09,0.295590609,0.208050951,283.853821,281.675507
2020-02-10,1.55521119,0.210785612,284.158325,282.840149
2020-02-11,2.6197598,0.217248067,284.340057,283.757233
2020-02-12,1.86302221,0.220074981,284.498657,283.837189
2020-02-13,0.299368113,0.21662043,284.063629,281.54718
2020-02-14,0.0910240784,0.211130738,284.043732,280.490204
2020-02-15,0.145789564,0.209225744,283.751221,280.500488
2020-02-16,0.0125332922,0.205758274,284.039337,280.654053
2020-02-17,0.0516347177,0.202660948,284.71582,282.464752
2020-02-18,0.199131846,0.20122163,284.956818,283.523163
2020-02-19,0.351511985,0.200130522,284.478851,281.64502
2020-02-20,0.731008768,0.199519023,284.850281,282.298859
2020-02-21,0.263514578,0.198342562,285.857758,283.897614
2020-02-22,0.0664085746,0.196367025,286.821381,285.102997
2020-02-23,0.191866621,0.194405913,287.590149,286.028748
2020-02-24,0.1415447,0.193208903,287.95755,286.499451
2020-02-25,0.247520372,0.190921053,288.47879,287.246124
2020-02-26,0.8278476,0.189452544,288.867157,288.185852
2020-02-27,2.28432488,0.193632886,287.930603,287.241364
2020-02-28,2.29282045,0.196107134,287.335632,286.024719
2020-02-29,0.853407979,0.197987422,287.514679,285.98526
2020-03-01,0.0445225388,0.194293931,288.163544,286.598022
2020-03-02,0.108746871,0.190506652,288.969025,287.59964
2020-03-03,1.33859074,0.191645816,288.910583,287.805176
2020-03-04,2.75624084,0.201020211,287.296112,285.976044
2020-03-05,4.60916233,0.208471373,285.462341,283.611694
2020-03-06,1.88078737,0.214624301,285.303528,283.464417
2020-03-07,0.515694678,0.211141393,285.148743,283.179352
2020-03-08,0.148646235,0.206620008,285.681793,283.494232
2020-03-09,0.307390839,0.203286752,286.0737,284.679993
2020-03-10,1.62682962,0.207350701,285.585907,283.944763
2020-03-11,2.89644265,0.215467259,284.842438,282.825958
2020-03-12,1.39796793,0.217156515,284.98938,283.014771
2020-03-13,0.439033329,0.211242363,286.345428,284.60199
2020-03-14,0.198983312,0.206050053,287.775604,286.285522
2020-03-15,0.363359153,0.201389328,288.720642,287.607788
2020-03-16,0.30334565,0.198677093,289.877136,289.274597
2020-03-17,0.576944768,0.197341353,290.770294,290.395386
2020-03-18,0.132229015,0.194082618,291.531342,290.95816
2020-03-19,0.583519936,0.191632405,292.005371,291.518646
2020-03-20,3.27847457,0.197673917,291.559265,291.019897
2020-03-21,1.01032043,0.198309183,291.87915,291.387604
2020-03-22,3.52058792,0.201262146,291.518921,290.775391
2020-03-23,6.5826664,0.219504237,290.120544,289.567627
2020-03-24,2.77936029,0.222884357,289.75116,288.882141
2020-03-25,1.72414362,0.219028547,290.190582,289.575592
2020-03-26,4.8358016,0.222464412,289.443268,288.527039
2020-03-27,4.07396317,0.233753979,288.826935,287.976654
2020-03-28,0.511381269,0.226397142,290.084717,289.185211
2020-03-29,1.60477412,0.222462371,290.712799,290.049866
2020-03-30,5.41903448,0.233068272,290.643127,290.256165
2020-03-31,5.10244989,0.237052053,290.524353,289.964935
2020-04-01,0.762973487,0.229918569,290.968658,289.988464
2020-04-02,0.151635915,0.220469177,291.766479,290.557983
2020-04-03,0.508067667,0.213849306,292.950867,292.139008
2020-04-04,1.38836455,0.212842852,293.591095,292.957336
2020-04-05,2.38519216,0.211557686,293.921692,293.498474
2020-04-06,1.51925111,0.210906252,293.223938,292.623749
2020-04-07,0.52532208,0.206529826,292.730591,291.874817
2020-04-08,0.690223336,0.203670636,292.366241,291.884064
2020-04-09,0.966201842,0.201830521,292.481598,291.85199
2020-04-10,1.1231333,0.197884396,294.223999,294.085236
2020-04-11,2.21728659,0.196901396,295.626099,295.828278
2020-04-12,3.67084956,0.199477583,295.901367,296.164337
2020-04-13,3.77995467,0.199900046,295.662842,295.862823
2020-04-14,5.7290678,0.204914808,294.034485,293.917603
2020-04-15,0.600548089,0.197684646,294.802185,294.307617
2020-04-16,2.66987228,0.196331605,294.45105,294.313934
2020-04-17,3.10325956,0.203926802,293.800903,293.329865
2020-04-18,0.6992293,0.20087266,294.58374,294.220154
2020-04-19,0.929206371,0.196514443,295.180817,294.681854
2020-04-20,0.668271482,0.194803149,295.69162,295.130066
2020-04-21,0.242022276,0.190270245,296.699829,296.378967
2020-04-22,0.992086172,0.187607378,297.111237,296.813934
2020-04-23,0.404897004,0.186606258,297.727997,297.496826
2020-04-24,1.16030514,0.184851691,297.756592,297.612732
2020-04-25,0.74133569,0.182674974,298.356415,298.367218
2020-04-26,0.226451889,0.17857635,299.441559,299.723145
2020-04-27,2.15471983,0.176858187,299.608002,299.815948
2020-04-28,2.1129365,0.17970638,299.334808,299.410461
2020-04-29,1.85057688,0.177738264,299.399811,299.49231
2020-04-30,0.797748268,0.174225762,299.94754,300.237762
2020-05-01,2.4107058,0.174575716,299.648438,299.85907
2020-05-02,3.72023702,0.176365241,299.981018,300.097168
2020-05-03,1.46450627,0.175770923,299.997833,299.868317
2020-05-04,1.51136041,0.176333815,299.553802,299.138855
2020-05-05,0.338989943,0.175035834,299.695557,299.388947
2020-05-06,0.429380357,0.169059455,300.120453,299.740234
2020-05-07,0.53300637,0.163960814,300.695435,300.710022
2020-05-08,0.939905643,0.161069378,301.460175,301.666748
2020-05-09,0.771729887,0.158921555,301.376221,301.445587
2020-05-10,0.353137612,0.155578032,301.807434,301.864441
2020-05-11,1.32431602,0.153290704,302.140045,302.299347
2020-05-12,2.66346908,0.156620264,300.996155,300.845917
2020-05-13,3.00849962,0.167587236,299.961487,299.736633
2020-05-14,2.20489931,0.181177765,298.822418,298.284027
2020-05-15,0.535169065,0.177866131,298.789764,298.317566
2020-05-16,0.21785517,0.171585664,299.459259,299.061279
2020-05-17,0.451043516,0.165907457,299.76236,299.44632
2020-05-18,0.953992426,0.163390294,299.137177,298.592255
2020-05-19,0.0871597528,0.15883179,299.957733,299.625397
2020-05-20,0.1078915,0.153836429,300.61676,300.524933
2020-05-21,0.115264766,0.15007107,301.205597,301.291412
2020-05-22,0.201169193,0.146973073,302.018097,302.19455
2020-05-23,0.266099483,0.144368723,302.768463,303.003174
2020-05-24,0.078582041,0.140731111,303.689575,304.042389
2020-05-25,0.0402351879,0.136919245,303.964417,304.24823
2020-05-26,0.0704230741,0.133572355,304.159241,304.452087
2020-05-27,0.280274898,0.130983949,303.986847,304.218567
2020-05-28,0.456210494,0.130152404,303.792938,303.938019
2020-05-29,1.26347554,0.132713646,303.405396,303.381775
2020-05-30,1.45220578,0.142330289,302.544983,302.34433
2020-05-31,0.906407118,0.150465697,302.649323,302.534271
2020-06-01,1.19714928,0.152457565,302.850586,302.764465
2020-06-02,0.618817389,0.153840631,303.205261,303.193909
2020-06-03,0.710034966,0.152213901,303.363708,303.344879
2020-06-04,0.425878197,0.149419755,303.851501,304.024506
2020-06-05,0.869152725,0.147873551,304.209686,304.422089
2020-06-06,0.31700936,0.146322921,304.107452,304.102875
2020-06-07,0.395929575,0.142752811,304.18573,304.187561
2020-06-08,0.35312745,0.139537096,304.207794,304.303467
2020-06-09,0.348259151,0.136617184,304.455353,304.4711
2020-06-10,0.383517474,0.133122608,304.346405,304.247986
2020-06-11,0.385559201,0.129713759,304.228058,304.05246
2020-06-12,0.881032944,0.127509847,304.375,304.334839
2020-06-13,0.579916716,0.125595018,304.518127,304.432098
2020-06-14,0.0685850754,0.122161247,305.662506,305.885345
2020-06-15,0.0436423533,0.118769452,306.151764,306.390381
2020-06-16,0.0440352224,0.115726948,306.328247,306.559235
2020-06-17,0.0468723588,0.113140903,306.283051,306.485901
2020-06-18,0.129264697,0.11107932,305.702698,305.663513
2020-06-19,0.361491621,0.109402686,305.60672,305.658081
2020-06-20,0.122191578,0.108445778,305.883606,305.988861
2020-06-21,0.200961649,0.106871575,306.757935,307.181061
2020-06-22,0.145544738,0.104921401,307.557953,308.13501
2020-06-23,1.17773426,0.10417293,307.489014,307.944336
2020-06-24,1.17354393,0.106339559,306.793396,306.87793
2020-06-25,0.874449909,0.110129416,306.161499,306.031158
2020-06-26,0.568058014,0.111865833,306.112335,306.25116
2020-06-27,0.271167457,0.111323804,305.71701,305.651031
2020-06-28,0.905754268,0.111011207,305.183411,304.864929
2020-06-29,0.536551535,0.110695921,305.733368,305.977234
2020-06-30,1.36115229,0.11552725,306.018188,306.195862
2020-07-01,0.619669259,0.118051082,306.526825,306.728943
2020-07-02,0.0896465927,0.115433864,306.849396,307.031708
2020-07-03,0.259328395,0.112288661,306.777405,306.899139
2020-07-04,2.88994551,0.111113518,306.26062,306.302979
2020-07-05,1.54475403,0.114945009,305.112305,304.660431
2020-07-06,0.60526979,0.11762356,305.334747,305.193237
2020-07-07,0.536643267,0.11686369,305.788452,305.949554
2020-07-08,1.61953664,0.118422948,305.94574,306.093536
2020-07-09,0.269006222,0.120843671,306.257965,306.367126
2020-07-10,0.274327785,0.11840827,306.267883,306.35965
2020-07-11,2.11854053,0.118234187,305.781219,305.690674
2020-07-12,1.64495528,0.124647245,304.968964,304.72995
2020-07-13,0.477641374,0.128544316,305.497437,305.538025
2020-07-14,0.420805693,0.12735115,306.696442,307.040314
2020-07-15,1.060956,0.125806928,307.159149,307.535614
2020-07-16,1.53899658,0.127228782,306.711365,306.81073
2020-07-17,0.916748762,0.130329773,306.433807,306.507294
2020-07-18,1.24054265,0.131809071,306.851593,307.046844
2020-07-19,1.67980945,0.131348252,306.794342,306.835419
2020-07-20,2.03968763,0.134847507,305.86145,305.715942
2020-07-21,3.39575124,0.148401394,304.020355,303.460663
2020-07-22,0.292590797,0.149602309,304.543152,304.396729
2020-07-23,0.229827344,0.141434059,305.751099,305.997864
2020-07-24,1.46450949,0.140958324,305.942749,306.107147
2020-07-25,1.28187013,0.139324859,306.363281,306.593506
2020-07-26,0.905658424,0.139764249,306.343719,306.467682
2020-07-27,0.392936528,0.137612447,306.342743,306.353333
2020-07-28,0.210756734,0.133458942,306.382294,306.424683
2020-07-29,1.02460217,0.130049884,306.448303,306.463867
2020-07-30,0.986873507,0.130729154,306.397278,306.425751
2020-07-31,1.80125189,0.136106849,305.483276,305.199554
2020-08-01,2.03095102,0.137607783,305.493469,305.340576
2020-08-02,0.732693076,0.135003209,305.803711,305.737244
2020-08-03,0.995586097,0.130146816,305.714355,305.588623
2020-08-04,0.442244709,0.126355022,305.6745,305.646942
2020-08-05,1.06539607,0.122582264,305.844513,305.798798
2020-08-06,3.00926876,0.121827021,306.047577,306.201385
2020-08-07,6.99710941,0.139627248,305.138641,305.070099
2020-08-08,4.52631187,0.159068018,303.645538,303.202209
2020-08-09,1.91117013,0.163182259,304.353851,304.154694
2020-08-10,2.89519978,0.161958233,304.631226,304.547394
2020-08-11,1.77234745,0.159961417,304.671326,304.532318
2020-08-12,0.297551662,0.153502226,304.896515,304.818634
2020-08-13,0.742068291,0.149543047,305.220123,305.245941
2020-08-14,1.36345565,0.147597745,305.510376,305.587158
2020-08-15,1.82613003,0.147166237,305.771729,305.850708
2020-08-16,0.539949417,0.143160328,306.177307,306.309204
2020-08-17,1.29669046,0.140288174,306.073547,306.047211
2020-08-18,2.59260345,0.140200078,305.301605,305.026672
2020-08-19,5.70279503,0.142281279,304.252106,303.68512
2020-08-20,2.71597338,0.148870081,302.993744,302.477417
2020-08-21,1.00732183,0.155627713,303.029816,302.651825
2020-08-22,0.209500298,0.15274553,303.970795,303.938385
2020-08-23,0.452284068,0.147057697,304.99826,305.261169
2020-08-24,2.42481279,0.146532387,304.802948,304.760559
2020-08-25,6.02521038,0.156166062,303.010986,302.563324
2020-08-26,5.00715637,0.170877993,301.432648,300.654968
2020-08-27,3.64381933,0.176328361,300.530823,299.670898
2020-08-28,0.642870963,0.168335021,301.06488,300.505493
2020-08-29,0.938712478,0.162170663,301.544983,301.205292
2020-08-30,3.58609104,0.161310062,301.424835,301.090912
2020-08-31,8.25357819,0.172214895,300.104034,299.431274
2020-09-01,2.30096698,0.175591975,299.670959,299.070831
2020-09-02,0.271065533,0.167806163,300.373901,300.020416
2020-09-03,3.23055315,0.165135846,300.542053,300.103668
2020-09-04,2.26051283,0.166864768,300.587311,300.165588
2020-09-05,0.725336373,0.161933422,301.024231,300.726959
2020-09-06,0.80939883,0.155354425,301.029938,300.585236
2020-09-07,0.721199751,0.14899689,300.84668,300.233978
2020-09-08,0.130708128,0.143364638,300.825836,300.287201
2020-09-09,0.160120353,0.138833523,300.824829,300.332184
2020-09-10,0.0235884991,0.134567872,300.863953,300.426086
2020-09-11,0.0718699843,0.130922511,300.770233,300.29129
2020-09-12,0.165814593,0.127713814,301.04184,300.591614
2020-09-13,0.128914043,0.124770761,301.120514,300.700562
2020-09-14,0.200319558,0.12233948,300.959991,300.500305
2020-09-15,0.383097202,0.12100058,300.38205,299.751068
2020-09-16,0.123317927,0.120778024,300.499969,299.985107
2020-09-17,0.0470929891,0.119376585,300.324951,299.70166
2020-09-18,0.0395950153,0.117567979,299.547333,298.617554
2020-09-19,0.174719423,0.116511725,299.381165,298.550446
2020-09-20,0.179230392,0.114619598,299.89798,299.344452
2020-09-21,0.0240926743,0.112148866,299.710175,299.066772
2020-09-22,0.0238749441,0.109947093,299.221863,298.504761
2020-09-23,0.0585095361,0.108171016,298.568054,297.614471
2020-09-24,0.0357794464,0.106511615,298.531342,297.763824
2020-09-25,0.466436833,0.105234362,298.183685,297.404205
2020-09-26,0.772925377,0.105752982,297.566132,296.731049
2020-09-27,0.194076553,0.106350943,297.681122,296.915344
2020-09-28,0.513444126,0.10542018,297.548737,296.787476
2020-09-29,0.380562663,0.105470724,296.617249,295.41153
2020-09-30,0.250042528,0.106238037,296.016418,294.731903
2020-10-01,0.0131288674,0.105179913,296.4104,295.352234
2020-10-02,0.0147895571,0.10379836,296.620331,295.593414
2020-10-03,0.00808398612,0.102573961,296.647491,295.607208
2020-10-04,0.0180742238,0.101485744,296.490295,295.515289
2020-10-05,0.0190683026,0.100463934,296.375275,295.356873
2020-10-06,0.0259116311,0.0995590389,296.124542,295.191925
2020-10-07,0.0171746407,0.0987790078,295.75766,294.731171
2020-10-08,0.0215767883,0.0980474353,295.613892,294.712433
2020-10-09,0.15325968,0.0974498913,295.314941,294.386688
2020-10-10,0.148945853,0.0977851376,294.520721,293.336517
2020-10-11,0.0346990153,0.0980722383,293.600769,292.154755
2020-10-12,0.0345601775,0.0977679044,292.628693,290.931335
2020-10-13,0.0302227307,0.097719498,292.475006,290.943481
2020-10-14,0.0217256434,0.0971125141,292.855591,291.317932
2020-10-15,0.0227601007,0.0965048671,292.977966,291.485748
2020-10-16,0.0318617299,0.0959498435,292.84613,291.359802
2020-10-17,0.0810243711,0.0955635756,292.62674,291.210968
2020-10-18,0.198444068,0.0958140343,292.467896,291.064209
2020-10-19,0.0577148125,0.0963089988,292.512756,291.117279
2020-10-20,0.0354207903,0.0962314159,292.387909,291.116394
2020-10-21,0.0398993865,0.0957984179,292.066223,290.744019
2020-10-22,0.00808630884,0.095414184,291.474976,290.016785
2020-10-23,0.00832231343,0.0951859951,290.725464,289.306
2020-10-24,0.0280311909,0.095078826,290.454529,289.076263
2020-10-25,0.0227113888,0.0956963003,290.243011,288.428192
2020-10-26,0.0021085639,0.0954375267,290.709259,288.85672
2020-10-27,0.00765395304,0.095016636,290.872833,289.397705
2020-10-28,0.0109845297,0.0947315767,290.050476,288.39682
2020-10-29,0.005633072,0.0945869908,289.073792,286.756927
2020-10-30,0.00248367712,0.0943695009,288.724731,286.312866
2020-10-31,0.00329246745,0.094079569,288.60434,286.393066
2020-11-01,0.0440912805,0.0938208997,288.650421,286.734467
2020-11-02,0.00724240625,0.0935646147,289.065674,287.52713
2020-11-03,0.00743653113,0.0933211967,289.325806,287.736542
2020-11-04,0.00963947363,0.0931251496,289.045593,287.301331
2020-11-05,0.0105140461,0.0929897949,288.661835,286.893707
2020-11-06,0.0122847967,0.0928537399,288.992371,287.575165
2020-11-07,0.0269466508,0.0926807299,289.575104,288.344849
2020-11-08,0.183376461,0.0925574452,289.546417,288.472778
2020-11-09,0.0195371713,0.092696093,288.936371,287.540405
2020-11-10,0.084577091,0.0926697329,288.567902,287.301544
2020-11-11,0.479682207,0.0927242488,288.940552,288.092651
2020-11-12,2.57668495,0.0977347195,288.817688,287.880402
2020-11-13,3.72928882,0.108867958,288.388763,287.489349
2020-11-14,5.24637127,0.134391248,286.787994,284.893097
2020-11-15,1.87798083,0.142545074,285.834473,282.229492
2020-11-16,0.035954088,0.143795714,285.567963,281.287994
2020-11-17,0.0297219325,0.142493725,285.478973,281.309235
2020-11-18,0.238168135,0.142160997,285.043488,281.870636
2020-11-19,0.0978458971,0.142115191,284.039978,279.823578
2020-11-20,0.0220411997,0.14126204,283.507416,279.031494
2020-11-21,0.702039421,0.140640929,283.944244,280.198059
2020-11-22,1.60981667,0.143364504,284.495758,282.334564
2020-11-23,0.749377429,0.147045329,284.579956,281.818237
2020-11-24,0.952727497,0.151664928,284.241699,281.224762
2020-11-25,0.56519568,0.155560315,283.83606,279.961853
2020-11-26,0.0819803774,0.154962093,283.898895,279.939484
2020-11-27,0.199244455,0.153912678,284.533691,281.389313
2020-11-28,0.307647079,0.153107136,284.712097,281.641602
2020-11-29,0.350326777,0.152341977,285.040863,282.458649
2020-11-30,0.342071682,0.152002364,285.554413,283.582825
2020-12-01,0.110443383,0.151616916,285.832672,283.691315
2020-12-02,0.0691410378,0.150921285,286.014282,283.743378
2020-12-03,0.619849861,0.151349634,286.106903,284.355499
2020-12-04,0.18138282,0.153081283,285.715973,283.682709
2020-12-05,0.0558933616,0.151753351,285.191467,282.464081
2020-12-06,1.09204185,0.152993307,285.279877,283.301147
2020-12-07,1.94794607,0.161593482,285.59726,284.228241
2020-12-08,0.810421288,0.169686779,284.904388,282.419952
2020-12-09,0.252114713,0.169618964,284.265533,280.545135
2020-12-10,0.207908854,0.170332685,284.011749,280.053436
2020-12-11,1.30178571,0.177483261,283.095093,279.33139
2020-12-12,0.182490945,0.180105478,282.228333,278.21286
2020-12-13,0.083531253,0.179152325,281.432434,276.801147
2020-12-14,0.0864846185,0.178508505,280.36499,274.368835
2020-12-15,0.0875878632,0.177563265,279.91925,273.621246
2020-12-16,0.0652217343,0.176697567,279.879303,273.971039
2020-12-17,0.148694634,0.176058441,280.218994,275.427307
2020-12-18,0.30927223,0.176030517,280.937805,277.078949
2020-12-19,0.663747728,0.176272586,281.843384,279.067413
2020-12-20,0.38071999,0.176899284,282.139618,279.953064
2020-12-21,0.10834083,0.17555812,282.200684,278.762604
2020-12-22,0.0418896861,0.174189404,281.889038,277.702942
2020-12-23,0.0308303051,0.173068449,281.589417,277.797699
2020-12-24,0.261885703,0.172103986,281.92572,278.958252
2020-12-25,0.573988378,0.172454953,282.311493,279.997742
2020-12-26,0.477293342,0.176112577,281.273529,277.733185
2020-12-27,0.708378315,0.176219329,279.55304,273.101013
2020-12-28,0.157425597,0.175629064,278.998383,272.476257
2020-12-29,0.0509343296,0.174663097,279.011963,272.678833
2020-12-30,0.167798892,0.173847511,278.984009,272.825867
2020-12-31,0.103116304,0.173164651,278.937317,273.040863
